id;msg;from_user_enc_id;to_user_enc_id;cargo_request_id
1;warmhearted;40cb10a2-6926-4fe0-8c4e-dc86fe699eb9;9f4d5b85-b3ce-4043-bb6b-cae777965822;32236
2;toothpick spew gadzooks;19b42768-7fe8-49b6-94c4-763228e36086;2b649c36-f39a-4419-9548-ac54e76b6704;29980
3;recompense;f5e37f98-fe77-4e08-b940-389950bb48df;06594ca5-3d79-4ef9-a558-a09cc0d98c9a;26011
4;enrage near;9cf28873-fec9-489b-9519-44dc873b91f8;a65b8d00-0918-4e6d-8d23-0e977f0a62cb;22685
5;viciously miscalculate;48c376ed-e56e-4726-a317-1b0beb307917;6606d630-99f8-4b2b-af96-405561bd77b8;17772
6;goat;160f81c8-d87d-4205-b296-a349b41cf35e;bb24bae2-f976-4c41-937e-6ec5cfe64d29;6802
7;banish;960a86fd-e07c-4499-9287-5cd932521a9a;780a481c-9634-49d3-a649-c8cc81c5fb1e;5720
8;diligent afore oh;fefe46b8-67ab-4f00-a331-d4545397b8b7;1829f6fb-ab02-4ef7-9a1b-0fe4d9c6de1b;515
9;impanel thrifty in;db763b80-12c4-4bf0-9495-ba4cd079a2f4;c0e287e7-5cf5-47f0-b4bb-302edfe7466f;21919
10;downshift;66b46ffc-0cc4-495e-8b84-7af9974fa156;9b347de9-6521-4382-9e63-1833a350c350;18577
