id;rate;note;rate_date;rated_by_enc_id;rated_enc_id
1;25979;mmm encouragement;2025-02-14T12:30:41;93f7fa91-d757-4ece-8aae-9f0384ab62ba;cfafbcb4-9764-4fd6-9714-88298eac8d29
2;8665;translation unbearably;2025-02-14T06:07:52;ae3be0e9-5a4b-48ec-be58-39ab705eefe2;b55301d2-f4b5-4675-9370-071e44eaa6b6
3;807;favorable meanwhile;2025-02-14T02:04:11;c42cdf40-8be0-49af-b21b-050cf7afbec4;a5e0ad0d-d96b-4c9d-83a4-dc217b553356
4;24104;ignorance furthermore;2025-02-14T10:13:19;11394768-3217-433c-8349-10e3b593adc6;890eda27-b5c7-4ccc-8cf4-6b611c0c3255
5;30893;busily underpants lest;2025-02-14T15:39:04;c0b823a8-2cf9-4ee0-863c-bacfb8444f98;993cf157-98b8-4b64-9caf-dc6e74fa2193
6;9771;quickly to meanwhile;2025-02-14T17:35:47;0c344d1e-fda0-4a35-9655-e91ee37028cc;ef91d1ff-8944-4534-83ca-9a4e02769579
7;31006;hubris psst wear;2025-02-13T22:06:05;9e130deb-b9cc-4f9e-8442-0a13d8341c66;2cd2fca0-9032-4fb0-99cc-9c5d6ea09d42
8;32423;smoothly eek;2025-02-14T15:39:46;439990b1-b568-4a78-be3a-98fc8a35e469;d0dda4a7-87cd-4260-9748-8bb38f026112
9;13583;adult;2025-02-14T07:56:44;a1e81c95-12e6-4b0f-b7d9-5c668211984c;e24e34d7-6785-4f2b-9c9b-5d79f1e067b4
10;17974;dearly representation coop;2025-02-14T04:15:09;5f5ddb73-44ef-49c8-8598-1a1e485a1268;58453cc0-bd69-432c-a972-dd32802fc9f5
